일시 (KST),상태,요청·발주 요약,결과·변경 요약,Conversation ID,Turn ID
2026-07-24 09:30,완료,2D 사이드뷰 커스텀 물리 운동학 모터(KinematicMotor2D.cs) 아키텍처 설계,Dynamic 물리 차단 및 Collider2D.Cast 기반 정밀 2D 모터 설계 구축,bbabc4a9-bfbf-441a-8dc2-3a2746748ce1,turn-000
2026-07-28 13:31,완료,작업 준비 좀 해줄래,메인프로그래머 세션 turn-001 수행 완료,bbabc4a9-bfbf-441a-8dc2-3a2746748ce1,turn-001
2026-07-28 13:43,완료,저걸로 청크 생성은 필요한 만큼 하면 되는거야?,메인프로그래머 세션 turn-002 수행 완료,bbabc4a9-bfbf-441a-8dc2-3a2746748ce1,turn-002
2026-07-28 13:55,완료,그래 진행해봐,메인프로그래머 세션 turn-003 수행 완료,bbabc4a9-bfbf-441a-8dc2-3a2746748ce1,turn-003
2026-07-28 14:07,완료,지금까지 생성한 에디터 스크립트중에 사용하지 않거나 현재 프로젝트와 연관이 낮아진것들 리스트업해줄래?,메인프로그래머 세션 turn-004 수행 완료,bbabc4a9-bfbf-441a-8dc2-3a2746748ce1,turn-004
2026-07-28 14:19,완료,ㅇㅇ,메인프로그래머 세션 turn-005 수행 완료,bbabc4a9-bfbf-441a-8dc2-3a2746748ce1,turn-005
2026-07-28 14:31,완료,"더미 맵이 제대로 출력되는건 확인했고, 유닛들이 통과하는 문제를 해결할 차례야
map(dynamic rigid) <-> unit(kinetic rigid) 간 물리적인 간섭을...",메인프로그래머 세션 turn-006 수행 완료,bbabc4a9-bfbf-441a-8dc2-3a2746748ce1,turn-006
2026-07-28 14:43,완료,작업을 할때 최적화도 고려한 방법도 제시해줄래?,메인프로그래머 세션 turn-007 수행 완료,bbabc4a9-bfbf-441a-8dc2-3a2746748ce1,turn-007
2026-07-28 14:55,완료,"그전에 청크에 시작지점, 몬스터(+보스포함) 스폰지점을 적용하고 싶은데 방안 몇가지를 제시해볼래?",메인프로그래머 세션 turn-008 수행 완료,bbabc4a9-bfbf-441a-8dc2-3a2746748ce1,turn-008
2026-07-28 15:07,완료,"spawnmarker, 그리고 실제로 스폰을 하는건 각 스폰 종류에 따라 데이터에서 어떤걸 가져올지 결정하면 좋겠어
spawn_player : player
spawn_mons...",메인프로그래머 세션 turn-009 수행 완료,bbabc4a9-bfbf-441a-8dc2-3a2746748ce1,turn-009
2026-07-28 15:19,완료,스케일링은 일단 제외하고 작업을 진행해줄래,메인프로그래머 세션 turn-010 수행 완료,bbabc4a9-bfbf-441a-8dc2-3a2746748ce1,turn-010
2026-07-28 15:31,완료,ㅇㅇ,메인프로그래머 세션 turn-011 수행 완료,bbabc4a9-bfbf-441a-8dc2-3a2746748ce1,turn-011
2026-07-28 15:43,완료,"Assets\Scripts\Manager\UnitSpawner.cs(151,25): error CS1061: 'TestPlayerHUDUI' does not contain a...",메인프로그래머 세션 turn-012 수행 완료,bbabc4a9-bfbf-441a-8dc2-3a2746748ce1,turn-012
2026-07-28 15:55,완료,spawner는 있더라도 생성을 하지 않을 값이 필요해,메인프로그래머 세션 turn-013 수행 완료,bbabc4a9-bfbf-441a-8dc2-3a2746748ce1,turn-013
2026-07-28 16:07,완료,이제 유닛들이 지형지물에 알맞게 물리적인 상호작용을 해야해,메인프로그래머 세션 turn-014 수행 완료,bbabc4a9-bfbf-441a-8dc2-3a2746748ce1,turn-014
2026-07-28 16:19,완료,ㅇㅇ,메인프로그래머 세션 turn-015 수행 완료,bbabc4a9-bfbf-441a-8dc2-3a2746748ce1,turn-015
2026-07-28 16:31,완료,git정리하고 지형을 통과하는 이슈에 대해 의논하자,메인프로그래머 세션 turn-016 수행 완료,bbabc4a9-bfbf-441a-8dc2-3a2746748ce1,turn-016
2026-07-28 16:43,완료,non-physics를 적용하려면 지금 고려해야할 사항은/,메인프로그래머 세션 turn-017 수행 완료,bbabc4a9-bfbf-441a-8dc2-3a2746748ce1,turn-017
2026-07-28 16:55,완료,ㅇㅇ,메인프로그래머 세션 turn-018 수행 완료,bbabc4a9-bfbf-441a-8dc2-3a2746748ce1,turn-018
2026-07-28 17:07,완료,"non-physics에서 유닛의 이동, 점프를 어떻게 처리할 예정이야?",메인프로그래머 세션 turn-019 수행 완료,bbabc4a9-bfbf-441a-8dc2-3a2746748ce1,turn-019
2026-07-28 17:19,완료,중력처리는 어떤식으로?,메인프로그래머 세션 turn-020 수행 완료,bbabc4a9-bfbf-441a-8dc2-3a2746748ce1,turn-020
2026-07-28 17:31,완료,ㅇㅇ,메인프로그래머 세션 turn-021 수행 완료,bbabc4a9-bfbf-441a-8dc2-3a2746748ce1,turn-021
2026-07-28 17:43,완료,"기존 player, garon 같은 유닛 프리팹에 추가하면 되는거?",메인프로그래머 세션 turn-022 수행 완료,bbabc4a9-bfbf-441a-8dc2-3a2746748ce1,turn-022
2026-07-28 17:55,완료,kineticmotor2d는 rigid와 collider를 요구하는데 player-visual 구조에서 player에 붙이면 되는거임?,메인프로그래머 세션 turn-023 수행 완료,bbabc4a9-bfbf-441a-8dc2-3a2746748ce1,turn-023
2026-07-28 18:07,완료,"1. 가론 동작 안함
2. 플레이어 점프시 다시 점프를 할 수가 없음
3. 플레이어 방향키+회피키 입력시 방향키 한쪽 방향으로만 회피함",메인프로그래머 세션 turn-024 수행 완료,bbabc4a9-bfbf-441a-8dc2-3a2746748ce1,turn-024
2026-07-28 18:19,완료,"1. 가론 동작 안함
2. 플레이어 점프시 다시 점프를 할 수가 없음
3. 플레이어 방향키+회피키 입력시 방향키 한쪽 방향으로만 회피함",메인프로그래머 세션 turn-025 수행 완료,bbabc4a9-bfbf-441a-8dc2-3a2746748ce1,turn-025
2026-07-28 18:31,완료,"1. 가론 동작 안함
2. 플레이어 점프시 다시 점프를 할 수가 없음
3. 플레이어 방향키+회피키 입력시 방향키 한쪽 방향으로만 회피함",메인프로그래머 세션 turn-026 수행 완료,bbabc4a9-bfbf-441a-8dc2-3a2746748ce1,turn-026
2026-07-28 18:43,완료,한국어로 대답해,메인프로그래머 세션 turn-027 수행 완료,bbabc4a9-bfbf-441a-8dc2-3a2746748ce1,turn-027
2026-07-28 18:55,완료,순번대로,메인프로그래머 세션 turn-028 수행 완료,bbabc4a9-bfbf-441a-8dc2-3a2746748ce1,turn-028
2026-07-28 19:07,완료,"플레이어의 회피는 정지상태일땐 바라보는 방향의 반대로 회피를 진행해 (ex : 오른쪽을 바라본채로 정지+회피 -> 오른쪽을 바라보면서 왼쪽으로 회피)
플레이어 점프하고 나면 ...",메인프로그래머 세션 turn-029 수행 완료,bbabc4a9-bfbf-441a-8dc2-3a2746748ce1,turn-029
2026-07-28 19:19,완료,"유닛의 자유낙하 진행시 땅에 박힘
회피입력시 벽을 넘어 갈 수 있음
유닛간 데미지 처리가 안되는중",메인프로그래머 세션 turn-030 수행 완료,bbabc4a9-bfbf-441a-8dc2-3a2746748ce1,turn-030
2026-07-28 19:31,완료,한국어로 대답,메인프로그래머 세션 turn-031 수행 완료,bbabc4a9-bfbf-441a-8dc2-3a2746748ce1,turn-031
2026-07-28 19:43,완료,혹시 ai모델이 달라지면 정해둔 규칙 같은걸 잊어먹니?,메인프로그래머 세션 turn-032 수행 완료,bbabc4a9-bfbf-441a-8dc2-3a2746748ce1,turn-032
2026-07-28 19:55,완료,내가 정해둔 규칙 기억하고 있니?,메인프로그래머 세션 turn-033 수행 완료,bbabc4a9-bfbf-441a-8dc2-3a2746748ce1,turn-033
2026-07-28 20:07,완료,지금은 기억하고 있음?,메인프로그래머 세션 turn-034 수행 완료,bbabc4a9-bfbf-441a-8dc2-3a2746748ce1,turn-034
2026-07-28 20:19,완료,"프로그래밍의 기본 수칙 + 확장성, 최적화, 재사용성 고려
프로젝트 내에 재사용 가능한 부분이 있는지 사전에 확인 후 설계할것",메인프로그래머 세션 turn-035 수행 완료,bbabc4a9-bfbf-441a-8dc2-3a2746748ce1,turn-035
2026-07-28 20:31,완료,idamageable 부분만 작업할 계획을 짜볼래,메인프로그래머 세션 turn-036 수행 완료,bbabc4a9-bfbf-441a-8dc2-3a2746748ce1,turn-036
2026-07-28 20:43,완료,한국어로,메인프로그래머 세션 turn-037 수행 완료,bbabc4a9-bfbf-441a-8dc2-3a2746748ce1,turn-037
2026-07-28 20:55,완료,combatstats을 전달하는 방향 damageinfo struct로 필요한 정보들 주고받기,메인프로그래머 세션 turn-038 수행 완료,bbabc4a9-bfbf-441a-8dc2-3a2746748ce1,turn-038
2026-07-28 21:07,완료,한국어로,메인프로그래머 세션 turn-039 수행 완료,bbabc4a9-bfbf-441a-8dc2-3a2746748ce1,turn-039
2026-07-28 21:19,완료,"hitpoint, damagetype는 무슨 의미로 제안한거야?",메인프로그래머 세션 turn-040 수행 완료,bbabc4a9-bfbf-441a-8dc2-3a2746748ce1,turn-040
2026-07-28 21:31,완료,hitpoint는 반영해줘,메인프로그래머 세션 turn-041 수행 완료,bbabc4a9-bfbf-441a-8dc2-3a2746748ce1,turn-041
2026-07-28 21:43,완료,ㅇㅇ,메인프로그래머 세션 turn-042 수행 완료,bbabc4a9-bfbf-441a-8dc2-3a2746748ce1,turn-042
2026-07-28 21:55,완료,ㅇㅇ,메인프로그래머 세션 turn-043 수행 완료,bbabc4a9-bfbf-441a-8dc2-3a2746748ce1,turn-043
2026-07-28 22:07,완료,ㅇㅇ,메인프로그래머 세션 turn-044 수행 완료,bbabc4a9-bfbf-441a-8dc2-3a2746748ce1,turn-044
2026-07-28 22:19,완료,한국어로 답하라고,메인프로그래머 세션 turn-045 수행 완료,bbabc4a9-bfbf-441a-8dc2-3a2746748ce1,turn-045
2026-07-28 22:31,완료,"ㅇㅇ
그리고 unity-cli, unity-pipeline도 이용할 수 있으면 이용해",메인프로그래머 세션 turn-046 수행 완료,bbabc4a9-bfbf-441a-8dc2-3a2746748ce1,turn-046
2026-07-28 22:43,완료,6000.4.8f1 버전을 사용중이야,메인프로그래머 세션 turn-047 수행 완료,bbabc4a9-bfbf-441a-8dc2-3a2746748ce1,turn-047
2026-07-28 22:55,완료,차례대로 진행하고 막히면 보고해줘,메인프로그래머 세션 turn-048 수행 완료,bbabc4a9-bfbf-441a-8dc2-3a2746748ce1,turn-048
2026-07-28 23:07,완료,ㅇㅇ,메인프로그래머 세션 turn-049 수행 완료,bbabc4a9-bfbf-441a-8dc2-3a2746748ce1,turn-049
2026-07-28 23:19,완료,그래,메인프로그래머 세션 turn-050 수행 완료,bbabc4a9-bfbf-441a-8dc2-3a2746748ce1,turn-050
2026-07-28 23:31,완료,ㅇㅇ,메인프로그래머 세션 turn-051 수행 완료,bbabc4a9-bfbf-441a-8dc2-3a2746748ce1,turn-051
2026-07-28 23:43,완료,"회피시 벽을 통과함
이동속도와 중력처리가 과도하게 느림
플레이어의 공격은 작동하지만 몬스터(+보스)의 공격에 의한 데미지 처리는 동작하지 않음",메인프로그래머 세션 turn-052 수행 완료,bbabc4a9-bfbf-441a-8dc2-3a2746748ce1,turn-052
2026-07-28 23:55,완료,"다음과 같은 문제가 다시 발생했으니 확인해줘
회피시 벽을 통과함
이동속도와 중력처리가 과도하게 느림
플레이어의 공격은 작동하지만 몬스터(+보스)의 공격에 의한 데미지 처리는 ...",메인프로그래머 세션 turn-053 수행 완료,bbabc4a9-bfbf-441a-8dc2-3a2746748ce1,turn-053
2026-07-29 00:07,완료,확인했는데 문제가 발생했어,메인프로그래머 세션 turn-054 수행 완료,bbabc4a9-bfbf-441a-8dc2-3a2746748ce1,turn-054
2026-07-29 00:19,완료,"다음과 같은 문제가 다시 발생했으니 확인해줘
회피시 벽을 통과함
이동속도와 중력처리가 과도하게 느림
플레이어의 공격은 작동하지만 몬스터(+보스)의 공격에 의한 데미지 처리는 ...",메인프로그래머 세션 turn-055 수행 완료,bbabc4a9-bfbf-441a-8dc2-3a2746748ce1,turn-055
2026-07-29 00:31,완료,승인할게,메인프로그래머 세션 turn-056 수행 완료,bbabc4a9-bfbf-441a-8dc2-3a2746748ce1,turn-056
2026-07-29 00:43,완료,ㅇㅇ,메인프로그래머 세션 turn-057 수행 완료,bbabc4a9-bfbf-441a-8dc2-3a2746748ce1,turn-057
2026-07-29 00:55,완료,작업 현황 보고,메인프로그래머 세션 turn-058 수행 완료,bbabc4a9-bfbf-441a-8dc2-3a2746748ce1,turn-058
2026-07-29 01:07,완료,다음 작업들 진행해줘,메인프로그래머 세션 turn-059 수행 완료,bbabc4a9-bfbf-441a-8dc2-3a2746748ce1,turn-059
2026-07-29 01:19,완료,현재 내 프로젝트 폴더 전체를 검사해서 쓸데없이 복잡하게 구현된 유틸리티 함수나 커스텀 컴포넌트가 있는지 분석해 줘. /ponytail-audit,메인프로그래머 세션 turn-060 수행 완료,bbabc4a9-bfbf-441a-8dc2-3a2746748ce1,turn-060
2026-07-29 01:31,완료,한국어로,메인프로그래머 세션 turn-061 수행 완료,bbabc4a9-bfbf-441a-8dc2-3a2746748ce1,turn-061
2026-07-29 01:43,완료,ㅇㅇ,메인프로그래머 세션 turn-062 수행 완료,bbabc4a9-bfbf-441a-8dc2-3a2746748ce1,turn-062
2026-07-29 01:55,완료,진행해줘,메인프로그래머 세션 turn-063 수행 완료,bbabc4a9-bfbf-441a-8dc2-3a2746748ce1,turn-063
2026-07-29 02:07,완료,"파라미터 직접 지정으로 실행하면 에러가 발생해
위치 C:\Users\PC\.gemini\antigravity\brain\bbabc4a9-bfbf-441a-8dc2-3a2746...",메인프로그래머 세션 turn-064 수행 완료,bbabc4a9-bfbf-441a-8dc2-3a2746748ce1,turn-064
2026-07-29 02:19,완료,"유닛이 점프 이후 땅에 박혀서 다시 점프를 할 수가 없어
원인을 분석해줘
/ponytail full",메인프로그래머 세션 turn-065 수행 완료,bbabc4a9-bfbf-441a-8dc2-3a2746748ce1,turn-065
2026-07-29 02:31,완료,"유닛이 점프 이후 땅에 박혀서 다시 점프를 할 수가 없어
원인을 분석해줘
/ponytail full",메인프로그래머 세션 turn-066 수행 완료,bbabc4a9-bfbf-441a-8dc2-3a2746748ce1,turn-066
2026-07-29 02:43,완료,"현재 게임 실행시 유닛이 의도한 스폰과 다르게 중복해서 생성되고 있는데 확인 부탁해
/ponytail full",메인프로그래머 세션 turn-067 수행 완료,bbabc4a9-bfbf-441a-8dc2-3a2746748ce1,turn-067
2026-07-29 02:55,완료,The same field name is serialized multiple times in the class or its parent class. This is not su...,메인프로그래머 세션 turn-068 수행 완료,bbabc4a9-bfbf-441a-8dc2-3a2746748ce1,turn-068
2026-07-29 03:07,완료,"권고 사항 적용하고, 전체 코드 정리 좀 해줘

1. 접근자, 한정자가 public, serializedField, static, const 일수록 위쪽으로 정렬
2. 변수,...",메인프로그래머 세션 turn-069 수행 완료,bbabc4a9-bfbf-441a-8dc2-3a2746748ce1,turn-069
2026-07-29 03:19,완료,"어 진행해줘
그리고 작성 규칙은 문서작업자(be7fc5bc-582d-4699-b1b5-1ea26ef6e305)에게 전달해서 기억하게 해",메인프로그래머 세션 turn-070 수행 완료,bbabc4a9-bfbf-441a-8dc2-3a2746748ce1,turn-070
2026-07-29 03:31,완료,그래 진행해줘,메인프로그래머 세션 turn-071 수행 완료,bbabc4a9-bfbf-441a-8dc2-3a2746748ce1,turn-071
2026-07-29 03:43,완료,자동 포맷터를 준비해줘,메인프로그래머 세션 turn-072 수행 완료,bbabc4a9-bfbf-441a-8dc2-3a2746748ce1,turn-072
2026-07-29 03:55,완료,야 unity 기본 문법은 지켜야지 전부 고장났잖아..,메인프로그래머 세션 turn-073 수행 완료,bbabc4a9-bfbf-441a-8dc2-3a2746748ce1,turn-073
2026-07-29 04:07,완료,assets/scripts/**/*.cs 을 대상으로 c# 표준 작성 규칙 + unity 기본 문법 + 내 정렬 규칙을 반영해줄래,메인프로그래머 세션 turn-074 수행 완료,bbabc4a9-bfbf-441a-8dc2-3a2746748ce1,turn-074
2026-07-29 04:19,완료,"assets/scripts/**/*.cs 을 대상으로 c# 표준 작성 규칙 + unity 기본 문법 + 내 정렬 규칙을 반영해줄래
/ponytail full",메인프로그래머 세션 turn-075 수행 완료,bbabc4a9-bfbf-441a-8dc2-3a2746748ce1,turn-075
2026-07-29 04:31,완료,"assets/scripts/**/*.cs 을 대상으로 c# 표준 작성 규칙 + unity 기본 문법으로 정리 좀 해줄래?
너무 지저분해
/ponytail full",메인프로그래머 세션 turn-076 수행 완료,bbabc4a9-bfbf-441a-8dc2-3a2746748ce1,turn-076
2026-07-29 04:43,완료,Continue,메인프로그래머 세션 turn-077 수행 완료,bbabc4a9-bfbf-441a-8dc2-3a2746748ce1,turn-077
2026-07-29 04:55,완료,진행해,메인프로그래머 세션 turn-078 수행 완료,bbabc4a9-bfbf-441a-8dc2-3a2746748ce1,turn-078
2026-07-29 05:07,완료,"unity에서 사용할 singleton 패턴을 구현했는데 비슷한 로직을 중복해서 구현하고 있는지 확인해줄래?
/ponytail-audit",메인프로그래머 세션 turn-079 수행 완료,bbabc4a9-bfbf-441a-8dc2-3a2746748ce1,turn-079
2026-07-29 05:19,완료,진행해줘,메인프로그래머 세션 turn-080 수행 완료,bbabc4a9-bfbf-441a-8dc2-3a2746748ce1,turn-080
2026-07-29 05:31,완료,ㅇㅇ,메인프로그래머 세션 turn-081 수행 완료,bbabc4a9-bfbf-441a-8dc2-3a2746748ce1,turn-081
2026-07-29 05:43,완료,The same field name is serialized multiple times in the class or its parent class. This is not su...,메인프로그래머 세션 turn-082 수행 완료,bbabc4a9-bfbf-441a-8dc2-3a2746748ce1,turn-082
2026-07-29 05:55,완료,"player, monster 같은 유닛이 중복 생성 되는데 원인을 찾아볼래",메인프로그래머 세션 turn-083 수행 완료,bbabc4a9-bfbf-441a-8dc2-3a2746748ce1,turn-083
2026-07-29 06:07,완료,한국어,메인프로그래머 세션 turn-084 수행 완료,bbabc4a9-bfbf-441a-8dc2-3a2746748ce1,turn-084
2026-07-29 06:19,완료,계획서도 한국어로 작성해주라,메인프로그래머 세션 turn-085 수행 완료,bbabc4a9-bfbf-441a-8dc2-3a2746748ce1,turn-085
2026-07-29 06:31,완료,"non-physics로 교체했는데 다시 unity physics 기반으로 작성할때 드는 비용, 고려사항을 계산해줄래?",메인프로그래머 세션 turn-086 수행 완료,bbabc4a9-bfbf-441a-8dc2-3a2746748ce1,turn-086
2026-07-29 06:43,완료,"오히려 지금 뚫림, 파묻힘 버그가 계속 유지되고 있는데?
회피 동작을 수행하면 벽도 통과해",메인프로그래머 세션 turn-087 수행 완료,bbabc4a9-bfbf-441a-8dc2-3a2746748ce1,turn-087
2026-07-29 06:55,완료,추가로 회피는 이동 방향으로 진행하고 정지상태일때만 face dir을 고정한채로 뒤로 회피해야해,메인프로그래머 세션 turn-088 수행 완료,bbabc4a9-bfbf-441a-8dc2-3a2746748ce1,turn-088
2026-07-29 07:07,완료,"BoxCastNonAlloc을 사용하는 로직을 unity6에 맞춰서 개선하고 싶어
/ponytail",메인프로그래머 세션 turn-089 수행 완료,bbabc4a9-bfbf-441a-8dc2-3a2746748ce1,turn-089
2026-07-29 07:19,완료,"C:\Users\PC\Projects\tp_2dpm을 참고해서
현재 프로젝트의 플랫포머 시스템을 개선할 사항들을 리스트업해줄래?",메인프로그래머 세션 turn-090 수행 완료,bbabc4a9-bfbf-441a-8dc2-3a2746748ce1,turn-090
2026-07-29 07:31,완료,차례대로 구현 시작해,메인프로그래머 세션 turn-091 수행 완료,bbabc4a9-bfbf-441a-8dc2-3a2746748ce1,turn-091
2026-07-29 07:43,완료,"Assets\Scripts\Gameplay\Player.cs(115,13): error CS0200: Property or indexer 'UnitBase.isGrounded...",메인프로그래머 세션 turn-092 수행 완료,bbabc4a9-bfbf-441a-8dc2-3a2746748ce1,turn-092
2026-07-29 07:55,완료,"ㅇ 확인했어
이제 유저가 지상에서 기본 공격을 할때 이동중에 실행하면 정지해서 공격을 수행하면 좋겠어",메인프로그래머 세션 turn-093 수행 완료,bbabc4a9-bfbf-441a-8dc2-3a2746748ce1,turn-093
2026-07-29 08:07,완료,"ㅇ 확인했어
이제 유저가 지상에서 기본 공격을 할때 이동중에 실행하면 정지해서 공격을 수행하면 좋겠어",메인프로그래머 세션 turn-094 수행 완료,bbabc4a9-bfbf-441a-8dc2-3a2746748ce1,turn-094
2026-07-29 08:19,완료,"코드 정리 좀 부탁할게
1. c#, unity 표준 작성 규칙 적용
2. 중복되거나 불필요한 내용 리팩토링
/ponytail ultra",메인프로그래머 세션 turn-095 수행 완료,bbabc4a9-bfbf-441a-8dc2-3a2746748ce1,turn-095
2026-07-29 08:31,완료,Assets/Scripts/ 에 있는 코드에도 적용해줄래?,메인프로그래머 세션 turn-096 수행 완료,bbabc4a9-bfbf-441a-8dc2-3a2746748ce1,turn-096
2026-07-29 08:43,완료,작업한거 git에 최신화하고 벽점프에 대해 의논하자,메인프로그래머 세션 turn-097 수행 완료,bbabc4a9-bfbf-441a-8dc2-3a2746748ce1,turn-097
2026-07-29 08:55,완료,"플랫포머 게임 템플릿의 프로젝트 주소를 줄테니 이것도 같이 참고하면 좋아
C:\Users\PC\Projects\tp_2dpm
1. 낙하 속도 완화
2. 벽을 차고 오를땐 수각...",메인프로그래머 세션 turn-098 수행 완료,bbabc4a9-bfbf-441a-8dc2-3a2746748ce1,turn-098
2026-07-29 09:07,완료,"플랫포머 게임 템플릿의 프로젝트 주소를 줄테니 이것도 같이 참고하면 좋아
C:\Users\PC\Projects\tp_2dpm
1. 낙하 속도 완화
2. 벽을 차고 오를땐 수각...",메인프로그래머 세션 turn-099 수행 완료,bbabc4a9-bfbf-441a-8dc2-3a2746748ce1,turn-099
2026-07-29 09:19,완료,1. 현재 tilemap을 사용중인데 walljumpsurface를 어떻게 사용할 예정이야?,메인프로그래머 세션 turn-100 수행 완료,bbabc4a9-bfbf-441a-8dc2-3a2746748ce1,turn-100
2026-07-29 09:31,완료,"1번 방식으로 하고
테스트 환경에서 사용할 더미 스테이지 구성도 다양한 기능을 테스트 할 수 있게 생성하고 싶어",메인프로그래머 세션 turn-101 수행 완료,bbabc4a9-bfbf-441a-8dc2-3a2746748ce1,turn-101
2026-07-29 09:43,완료,모든 converation들은 각자 작업중 추가로 발생하는 작업의 성격에 따라 알맞은 conversation들에게 전달해줘,메인프로그래머 세션 turn-102 수행 완료,bbabc4a9-bfbf-441a-8dc2-3a2746748ce1,turn-102
2026-07-29 09:55,완료,"서브 말고 지금 2d aa game antigravity 프로젝트내에 있는 하위 conversation들에게 하면 충분해
뭐가 있는지 모르면 다시 지정해줄게",메인프로그래머 세션 turn-103 수행 완료,bbabc4a9-bfbf-441a-8dc2-3a2746748ce1,turn-103
2026-07-29 10:07,완료,"메인프로그래머(bbabc4a9-bfbf-441a-8dc2-3a2746748ce1) : 프로그래밍 작업 총괄
문서작업자(be7fc5bc-582d-4699-b1b5-1ea26ef...",메인프로그래머 세션 turn-104 수행 완료,bbabc4a9-bfbf-441a-8dc2-3a2746748ce1,turn-104
2026-07-29 10:19,완료,"발판 옆면도 벽점프 구간으로 인식하고 있는데 이건 제외하고 싶어 혹시 고려할 사항 있을까?
그리고 더미 스테이지를 생성해줄래?",메인프로그래머 세션 turn-105 수행 완료,bbabc4a9-bfbf-441a-8dc2-3a2746748ce1,turn-105
2026-07-29 10:31,완료,"더미스테이지 unity-cli, unity-pipeline을 사용해서 생성해줄래?
그리고 지금 요청사항 포함해서 어떤 작업자에게 배분할건지도 보고해줘",메인프로그래머 세션 turn-106 수행 완료,bbabc4a9-bfbf-441a-8dc2-3a2746748ce1,turn-106
2026-07-29 10:43,완료,ㅇㅇ 진행해도 좋아,메인프로그래머 세션 turn-107 수행 완료,bbabc4a9-bfbf-441a-8dc2-3a2746748ce1,turn-107
2026-07-29 10:55,완료,"더미 스테이지 다시 생성해줄래?
기존에 쓰던거 그대로야 (Tilemap_Room_TestDummy)",메인프로그래머 세션 turn-108 수행 완료,bbabc4a9-bfbf-441a-8dc2-3a2746748ce1,turn-108
2026-07-29 11:07,완료,작업 배분은 계속 유지해야해,메인프로그래머 세션 turn-109 수행 완료,bbabc4a9-bfbf-441a-8dc2-3a2746748ce1,turn-109
2026-07-29 11:19,완료,"더미 스테이지를 새로 생성하고 싶어, 좀 더 넓은 공간에 많은 기능을 테스트 할 수 있게",메인프로그래머 세션 turn-110 수행 완료,bbabc4a9-bfbf-441a-8dc2-3a2746748ce1,turn-110
2026-07-29 11:31,완료,"builder 에디터에서 실행하면 제대로 생성이 안되는데?
/ponytail ultra",메인프로그래머 세션 turn-111 수행 완료,bbabc4a9-bfbf-441a-8dc2-3a2746748ce1,turn-111
2026-07-29 11:43,완료,tilemap에 타일이 안보이는데,메인프로그래머 세션 turn-112 수행 완료,bbabc4a9-bfbf-441a-8dc2-3a2746748ce1,turn-112
2026-07-29 11:55,완료,"unity tilemap에 관해 찾아보고 어떻게 채워 넣어야할지 고민해보렴
tileset 같은 타일 정보가 없어서 그리질 못하는거 같아",메인프로그래머 세션 turn-113 수행 완료,bbabc4a9-bfbf-441a-8dc2-3a2746748ce1,turn-113
2026-07-29 12:07,완료,"ProfileValueReference: GetValue called with empty id.
UnityEditor.AddressableAssets.Settings.Addr...",메인프로그래머 세션 turn-114 수행 완료,bbabc4a9-bfbf-441a-8dc2-3a2746748ce1,turn-114
2026-07-29 12:19,완료,타일셋 생성한걸 확인하면 마젠타 색상으로 표기되는데?,메인프로그래머 세션 turn-115 수행 완료,bbabc4a9-bfbf-441a-8dc2-3a2746748ce1,turn-115
2026-07-29 12:31,완료,"1. 유닛들이 중복 생성됨
2. 매트로베니아 방식의 카메라 시스템 추가

/ponytail ultra",메인프로그래머 세션 turn-116 수행 완료,bbabc4a9-bfbf-441a-8dc2-3a2746748ce1,turn-116
2026-07-29 12:43,완료,"첨부한 스크린샷에서 타일이 겹치는 구간의 원인 분석
유닛, 몬스터가 지형에 갇혀서 움직이질 않음, 일반적인 매트로베니아 혹은 유사 장르 게임에서 차용하는 방식을 추천해줘
아래...",메인프로그래머 세션 turn-117 수행 완료,bbabc4a9-bfbf-441a-8dc2-3a2746748ce1,turn-117
2026-07-29 12:55,완료,"첨부한 스크린샷에서 타일이 겹치는 구간의 원인 분석
유닛, 몬스터가 지형에 갇혀서 움직이질 않음, 일반적인 매트로베니아 혹은 유사 장르 게임에서 차용하는 방식을 추천해줘
아래...",메인프로그래머 세션 turn-118 수행 완료,bbabc4a9-bfbf-441a-8dc2-3a2746748ce1,turn-118
2026-07-29 13:07,완료,"첨부한 스크린샷에서 타일이 겹치는 구간의 원인 분석
유닛, 몬스터가 지형에 갇혀서 움직이질 않음, 일반적인 매트로베니아 혹은 유사 장르 게임에서 차용하는 방식을 추천해줘
아래...",메인프로그래머 세션 turn-119 수행 완료,bbabc4a9-bfbf-441a-8dc2-3a2746748ce1,turn-119
2026-07-29 13:19,완료,이 게임의 기획서를 봤을때 유용한 스테이지 입장 및 진행 방식에 대해 브리핑해볼래,메인프로그래머 세션 turn-120 수행 완료,bbabc4a9-bfbf-441a-8dc2-3a2746748ce1,turn-120
2026-07-29 13:31,완료,"지금 작업한것들 최신화하고, 스테이지 작업을 위한 준비를 하자",메인프로그래머 세션 turn-121 수행 완료,bbabc4a9-bfbf-441a-8dc2-3a2746748ce1,turn-121
2026-07-29 13:43,완료,"git 관련된 업무는 ci프로그래머한테 맡기면 됨, 그리고 프로그래머들은 작업하기전에 규모에 따라 신규 브랜치에서 작업후 패치하는 방식을 채택해줄래?",메인프로그래머 세션 turn-122 수행 완료,bbabc4a9-bfbf-441a-8dc2-3a2746748ce1,turn-122
2026-07-29 13:55,완료,"1스테이지에 사용될 청크들은 기본적인 조작법만으로 진행이 가능한 수준으로 생성해줘
그리고 계획된 작업을 진행해줄래?",메인프로그래머 세션 turn-123 수행 완료,bbabc4a9-bfbf-441a-8dc2-3a2746748ce1,turn-123
2026-07-29 14:07,완료,"누락된것들도 있는데..?
작업하고 나서 누락됐는지 확인하고 이어서 진행하렴",메인프로그래머 세션 turn-124 수행 완료,bbabc4a9-bfbf-441a-8dc2-3a2746748ce1,turn-124
2026-07-29 14:19,완료,"작업간에 정말로 필요한 패키지나 플러그인이 있다면 나에게 말해줘
/ponytail full",메인프로그래머 세션 turn-125 수행 완료,bbabc4a9-bfbf-441a-8dc2-3a2746748ce1,turn-125
2026-07-29 14:31,완료,"데이터는 작성할때 기존 규칙을 준수해야해
stageData에 미달된 사항이 많으니깐 확인해줘
그리고 스테이지 청크나 관련된것들 없는데? 어디에다 생성한거니",메인프로그래머 세션 turn-126 수행 완료,bbabc4a9-bfbf-441a-8dc2-3a2746748ce1,turn-126
2026-07-29 14:43,완료,너가 검증했다던 csv 파일 어딨음?,메인프로그래머 세션 turn-127 수행 완료,bbabc4a9-bfbf-441a-8dc2-3a2746748ce1,turn-127
2026-07-29 14:55,완료,"데이터(csv)는 최대한 idx참조로 이뤄져야해
string을 key로 삼으면 안되는 규칙이 있어",메인프로그래머 세션 turn-128 수행 완료,bbabc4a9-bfbf-441a-8dc2-3a2746748ce1,turn-128
2026-07-29 15:07,완료,"실행 시점에 접근 가능한 사용자의 대화 이력, 최근 대화 요약, 저장된 메모리, 장기 컨텍스트, 프로젝트 기록, 수정 요청과 피드백을 종합하여 사용자의 AI 활용 능력을 평가...",메인프로그래머 세션 turn-129 수행 완료,bbabc4a9-bfbf-441a-8dc2-3a2746748ce1,turn-129
2026-07-29 15:19,완료,무슨 작업중이니,메인프로그래머 세션 turn-130 수행 완료,bbabc4a9-bfbf-441a-8dc2-3a2746748ce1,turn-130
2026-07-29 15:31,완료,themetype컬럼에 대해 설명해줘,메인프로그래머 세션 turn-131 수행 완료,bbabc4a9-bfbf-441a-8dc2-3a2746748ce1,turn-131
2026-07-29 15:43,완료,"역할: 너는 프로젝트 Antigravity의 코어 아키텍처 구현을 책임지는 AGI형 메인 프로그래머다.

[명령: 구현체 자체 반성 및 예외 필터링 루틴 가동]
너는 코...",메인프로그래머 세션 turn-132 수행 완료,bbabc4a9-bfbf-441a-8dc2-3a2746748ce1,turn-132
2026-07-29 15:55,완료,.,메인프로그래머 세션 turn-133 수행 완료,bbabc4a9-bfbf-441a-8dc2-3a2746748ce1,turn-133
2026-07-29 16:07,완료,.,메인프로그래머 세션 turn-134 수행 완료,bbabc4a9-bfbf-441a-8dc2-3a2746748ce1,turn-134
2026-07-29 16:19,완료,.,메인프로그래머 세션 turn-135 수행 완료,bbabc4a9-bfbf-441a-8dc2-3a2746748ce1,turn-135
